MaTinh,TenTinh
01,THÀNH PHỐ HÀ NỘI
02,THÀNH PHỐ HỒ CHÍ MINH
03,THÀNH PHỐ HẢI PHÒNG
04,THÀNH PHỐ ĐÀ NẴNG
05,TỈNH HÀ GIANG
06,TỈNH CAO BẰNG
07,TỈNH LAI CHÂU
08,TỈNH LÀO CAI
09,TỈNH TUYÊN QUANG
10,TỈNH LẠNG SƠN
11,TỈNH BẮC KẠN
12,TỈNH THÁI NGUYÊN
13,TỈNH YÊN BÁI
14,TỈNH SƠN LA
15,TỈNH PHÚ THỌ
16,TỈNH VĨNH PHÚC
17,TỈNH QUẢNG NINH
18,TỈNH BẮC GIANG
19,TỈNH BẮC NINH
21,TỈNH HẢI DƯƠNG
22,TỈNH HƯNG YÊN
23,TỈNH HÒA BÌNH
24,TỈNH HÀ NAM
25,TỈNH NAM ĐỊNH
26,TỈNH THÁI BÌNH
27,TỈNH NINH BÌNH
28,TỈNH THANH HÓA
29,TỈNH NGHỆ AN
30,TỈNH HÀ TĨNH
31,TỈNH QUẢNG BÌNH
32,TỈNH QUẢNG TRỊ
33,TỈNH THỪA THIÊN - HUẾ
34,TỈNH QUẢNG NAM
35,TỈNH QUẢNG NGÃI
36,TỈNH KON TUM
37,TỈNH BÌNH ĐỊNH
38,TỈNH GIA LAI
39,TỈNH PHÚ YÊN
40,TỈNH ĐẮK LẮK
41,TỈNH KHÁNH HÒA
42,TỈNH LÂM ĐỒNG
43,TỈNH BÌNH PHƯỚC
44,TỈNH BÌNH DƯƠNG
45,TỈNH NINH THUẬN
46,TỈNH TÂY NINH
47,TỈNH BÌNH THUẬN
48,TỈNH ĐỒNG NAI
49,TỈNH LONG AN
50,TỈNH ĐỒNG THÁP
51,TỈNH AN GIANG
52,TỈNH BÀ RỊA - VŨNG TÀU
53,TỈNH TIỀN GIANG
54,TỈNH KIÊN GIANG
55,THÀNH PHỐ CẦN THƠ
56,TỈNH BẾN TRE
57,TỈNH VĨNH LONG
58,TỈNH TRÀ VINH
59,TỈNH SÓC TRĂNG
60,TỈNH BẠC LIÊU
61,TỈNH CÀ MAU
62,TỈNH ĐIỆN BIÊN
63,TỈNH ĐĂK NÔNG
64,TỈNH HẬU GIANG